{
    "id": "Armis",
    "title": "ArmisAlerts",
    "publisher": "Armis",
    "descriptionMarkdown": "The [Armis](https://cloud.ArmisXXX.com/tio/app.html#/vulnerability-management/vulnerabilities/by-plugins/vulnerability-details/) connector provides the capability to ingest ArmisXXX logs and events into Azure Sentinel. The connector provides visibility into Message and Click events in Azure Sentinel to view dashboards, create custom alerts, and to improve monitoring and investigation capabilities.",
    "additionalRequirementBanner": "These queries and workbooks are dependent on a parser based on Kusto to work as expected. Follow the steps to use this Kusto functions alias **Armis** in queries and workbooks [Follow steps to get this Kusto functions>](https://bitbucket.org/crestdatasys/azure-sentinel-ArmisXXX-integration/raw/8a3d1a1f8e7b29d9e08f9c59f3869fcfdffcb099/Parsers/ArmisXXX.txt).",
    "graphQueries": [
        {
            "metricName": "Total Alerts data received",
            "legend": "Armis_Alerts_CL",
            "baseQuery": "Armis_Alerts_CL"
        }
    ],
    "sampleQueries": [
        {
            "description" : "Armis Events - All Alerts Activities.",
            "query": "Armis_Alerts_CL\n | sort by TimeGenerated desc"
        }
    ],
    "dataTypes": [
        {
            "name": "Armis_Alerts_CL",
            "lastDataReceivedQuery": "Armis_Alerts_CL\n            | summarize Time = max(TimeGenerated)\n            | where isnotempty(Time)"
        }
    ],
    "connectivityCriterias": [
        {
            "type": "IsConnectedQuery",
            "value": [
                "Armis_Alerts_CL\n            | summarize LastLogReceived = max(TimeGenerated)\n            | project IsConnected = LastLogReceived > ago(30d)"
            ]
        }
    ],
    "availability": {
        "status": 1,
        "isPreview": true
    },
    "permissions": {
        "resourceProvider": [
            {
                "provider": "Microsoft.OperationalInsights/workspaces",
                "permissionsDisplayText": "read and write permissions on the workspace are required.",
                "providerDisplayName": "Workspace",
                "scope": "Workspace",
                "requiredPermissions": {
                    "write": true,
                    "read": true,
                    "delete": true
                }
            },
            {
                "provider": "Microsoft.OperationalInsights/workspaces/sharedKeys",
                "permissionsDisplayText": "read permissions to shared keys for the workspace are required. [See the documentation to learn more about workspace keys](https://docs.microsoft.com/azure/azure-monitor/platform/agent-windows#obtain-workspace-id-and-key).",
                "providerDisplayName": "Keys",
                "scope": "Workspace",
                "requiredPermissions": {
                    "action": true
                }
            }
        ],
        "customs": [{
            "name": "Microsoft.Web/sites permissions",
            "description": "Read and write permissions to Azure Functions to create a Function App is required. [See the documentation to learn more about Azure Functions](https://docs.microsoft.com/azure/azure-functions/)."
        },
        {
            "name": "REST API Credentials/permissions",
            "description": "**Armis Secret Key** is required.  See the documentation to learn more about API on the `https://developer.ArmisXXX.com/docs/api-basics"
        }
        ]
    },
    "instructionSteps": [{
            "title": "",
            "description": ">**NOTE:** This connector uses Azure Functions to connect to the Armis API to pull its logs into Azure Sentinel. This might result in additional data ingestion costs. Check the [Azure Functions pricing page](https://azure.microsoft.com/pricing/details/functions/) for details."
        },
        {
            "title": "",
            "description": ">**(Optional Step)** Securely store workspace and API authorization key(s) or token(s) in Azure Key Vault. Azure Key Vault provides a secure mechanism to store and retrieve key values. [Follow these instructions](https://docs.microsoft.com/azure/app-service/app-service-key-vault-references) to use Azure Key Vault with an Azure Function App."
        },
		{
			"description": ">**NOTE:** This data connector depends on a parser based on a Kusto Function to work as expected. [Follow these steps](https://bitbucket.org/crestdatasys/azure-sentinel-ArmisXXX-integration/raw/8a3d1a1f8e7b29d9e08f9c59f3869fcfdffcb099/Parsers/ArmisXXX.txt) to create the Kusto functions alias, **Armis**"
		},
        {
            "title": "",
            "description": "****STEP 1 - Configuration steps for the Armis API**\n\n [Follow these instructions](https://docs.ArmisXXX.com/ArmisXXX/Content/Settings/GenerateAPIKey.htm) to create an API Key."
        },
        {
            "title": "",
            "description": "**STEP 2 - Choose ONE from the following two deployment options to deploy the connector and the associated Azure Function**\n\n>**IMPORTANT:** Before deploying the Armis Sentinel data connector, have the Workspace ID and Workspace Primary Key (can be copied from the following), as well as the ArmisXXX API Authorization Key(s), readily available..",
            "instructions": [{
                "parameters": {
                        "fillWith": [
                            "WorkspaceId"
                        ],
                        "label": "Workspace ID"
                    },
                    "type": "CopyableLabel"
                },
                {
                    "parameters": {
                        "fillWith": [
                            "PrimaryKey"
                        ],
                        "label": "Primary Key"
                    },
                    "type": "CopyableLabel"
                }
            ]
        },
        {
            "title": "Option 1 - Azure Resource Manager (ARM) Template",
            "description": "Use this method for automated deployment of the Armis connector.\n\n1. Click the **Deploy to Azure** button below. \n\n\t[![Deploy To Azure](https://aka.ms/deploytoazurebutton)](https://portal.azure.com/#create/Microsoft.Template/uri/https%3A%2F%2Fraw.githubusercontent.com%2Frushitajudiya-crest%2Frubrik-connector%2Fmain%2Fazuredeploy_Connector_RubrikWebhookEventsAPI_AzureFunction.json)\n2. Select the preferred **Subscription**, **Resource Group** and **Location**. \n3. Enter the **Workspace ID**, **Workspace Key**, **ArmisSecretKey**, **ArmisURL** `(https://<armis-instance>.armis.com/api/v1/)` , **ArmisAlertsTableName**. \n4. Mark the checkbox labeled **I agree to the terms and conditions stated above**. \n5. Click **Purchase** to deploy."
        },
        {
            "title": "Option 2 - Manual Deployment of Azure Functions",
            "description": "Use the following step-by-step instructions to deploy the Armis Sentinel data connector manually with Azure Functions (Deployment via Visual Studio Code)."
        },
        {
            "title": "",
            "description": "**1. Deploy a Function App**\n\n> **NOTE:** You will need to [prepare VS code](https://docs.microsoft.com/azure/azure-functions/functions-create-first-function-python#prerequisites) for Azure function development.\n\n1. Download the [Azure Function App](https://bitbucket.org/crestdatasys/azure-sentinel-ArmisXXX-integration/raw/7333a9d03b078fdcc136222b0133b0bbbbe71b30/ArmisXXXConnector/ArmisXXXSentinelConn.zip) file. Extract archive to your local development computer.\n2. Start VS Code. Choose File in the main menu and select Open Folder.\n3. Select the top level folder from extracted files.\n4. Choose the Azure icon in the Activity bar, then in the **Azure: Functions** area, choose the **Deploy to function app** button.\nIf you aren't already signed in, choose the Azure icon in the Activity bar, then in the **Azure: Functions** area, choose **Sign in to Azure**\nIf you're already signed in, go to the next step.\n5. Provide the following information at the prompts:\n\n\ta. **Select folder:** Choose a folder from your workspace or browse to one that contains your function app.\n\n\tb. **Select Subscription:** Choose the subscription to use.\n\n\tc. Select **Create new Function App in Azure** (Don't choose the Advanced option)\n\n\td. **Enter a globally unique name for the function app:** Type a name that is valid in a URL path. The name you type is validated to make sure that it's unique in Azure Functions. (e.g. ARMISXXXXX).\n\n\te. **Select a runtime:** Choose Python 3.8 or above.\n\n\tf. Select a location for new resources. For better performance and lower costs choose the same [region](https://azure.microsoft.com/regions/) where Azure Sentinel is located.\n\n6. Deployment will begin. A notification is displayed after your function app is created and the deployment package is applied.\n7. Go to Azure Portal for the Function App configuration."
        },
        {
            "title": "",
            "description": "**2. Configure the Function App**\n\n1. In the Function App, select the Function App Name and select **Configuration**.\n2. In the **Application settings** tab, select **+ New application setting**.\n3. Add each of the following application settings individually, with their respective values (case-sensitive): \n\t\tWorkspaceID\n\t\tWorkspaceKey\n\t\tArmisSecretKey\n\t\tArmisURL\n\t\tArmisAlertsTableName\n\t\tlogAnalyticsUri (optional)\n - Use logAnalyticsUri to override the log analytics API endpoint for dedicated cloud. For example, for public cloud, leave the value empty; for Azure GovUS cloud environment, specify the value in the following format: https://<CustomerId>.ods.opinsights.azure.us. \n4. Once all application settings have been entered, click **Save**."
        }
    ]
}